{
  "TranslationProperties": {
    "Name": "server.items.Rock_Basalt_Brick_Smooth.name"
  },
  "Icon": "Icons/ItemsGenerated/Rock_Basalt_Brick_Smooth.png",
  "Set": "Rock_Basalt_Brick",
  "Recipe": {
    "Input": [
      {
        "Quantity": 1,
        "ResourceTypeId": "Rock_Basalt"
      }
    ],
    "BenchRequirement": [
      {
        "Id": "Builders",
        "Type": "StructuralCrafting",
        "Categories": [
          "Smooth"
        ]
      }
    ],
    "OutputQuantity": 1,
    "TimeSeconds": 0
  },
  "Tags": {
    "Type": [
      "Rock"
    ],
    "Family": [
      "Basalt"
    ]
  },
  "Parent": "Rock_Basalt_Brick",
  "ResourceTypes": [
    {
      "Id": "Rock_Basalt_Brick"
    }
  ],
  "BlockType": {}
}
