{
  "TranslationProperties": {
    "Name": "The Reverberator",
    "Description": "server.items.Echo_Flail.description"
  },
  "Categories": [
    "Items.Weapons"
  ],
  "Quality": "Epic",
  "ItemLevel": 50,
  "Model": "Items/Echo_Flail.blockymodel",
  "PlayerAnimationsId": "Club_Flail",
  "UsePlayerAnimations": true,
  "Utility": {
    "Compatible": true
  },
  "Interactions": {
    "Primary": "Echo_Flail_Attack"
  },
  "InteractionVars": {
    "Club_Flail_Swing_Left_Effect": {
      "Interactions": [
        {
          "Parent": "Club_Flail_Swing_Left_Effect",
          "Effects": {
            "Trails": [
              {
                "TrailId": "Small_Default",
                "TargetNodeName": "Chain4",
                "TargetEntityPart": "PrimaryItem"
              },
              {
                "TrailId": "Small_Default",
                "RotationOffset": {
                  "Yaw": 0,
                  "Pitch": 90,
                  "Roll": 0
                },
                "TargetNodeName": "Chain4",
                "TargetEntityPart": "PrimaryItem"
              },
              {
                "TrailId": "Small_Default",
                "RotationOffset": {
                  "Yaw": 0,
                  "Pitch": 0,
                  "Roll": 90
                },
                "TargetNodeName": "Chain4",
                "TargetEntityPart": "PrimaryItem"
              }
            ]
          }
        }
      ]
    },
    "Club_Flail_Swing_Left_Damage": {
      "Interactions": [
        {
          "Parent": "Club_Flail_Swing_Left_Damage",
          "DamageCalculator": {
            "Type": "Absolute",
            "BaseDamage": {
              "Physical": 19
            },
            "RandomPercentageModifier": 0.1
          },
          "DamageEffects": {
            "WorldSoundEventId": "SFX_Club_Steel_Impact"
          }
        }
      ]
    },
    "Club_Flail_Swing_Right_Effect": {
      "Interactions": [
        {
          "Parent": "Club_Flail_Swing_Right_Effect",
          "Effects": {
            "Trails": [
              {
                "TrailId": "Small_Default",
                "TargetNodeName": "Chain4",
                "TargetEntityPart": "PrimaryItem"
              },
              {
                "TrailId": "Small_Default",
                "RotationOffset": {
                  "Yaw": 0,
                  "Pitch": 90,
                  "Roll": 0
                },
                "TargetNodeName": "Chain4",
                "TargetEntityPart": "PrimaryItem"
              },
              {
                "TrailId": "Small_Default",
                "RotationOffset": {
                  "Yaw": 0,
                  "Pitch": 0,
                  "Roll": 90
                },
                "TargetNodeName": "Chain4",
                "TargetEntityPart": "PrimaryItem"
              }
            ]
          }
        }
      ]
    },
    "Club_Flail_Swing_Right_Damage": {
      "Interactions": [
        {
          "Parent": "Club_Flail_Swing_Right_Damage",
          "DamageCalculator": {
            "Type": "Absolute",
            "BaseDamage": {
              "Physical": 19
            },
            "RandomPercentageModifier": 0.1
          },
          "DamageEffects": {
            "WorldSoundEventId": "SFX_Club_Steel_Impact"
          }
        }
      ]
    },
    "Club_Flail_Spin_Swing_Left_Charged_Effect": {
      "Interactions": [
        {
          "Parent": "Club_Flail_Spin_Swing_Left_Charged_Effect",
          "Effects": {
            "Trails": [
              {
                "TrailId": "Small_Default",
                "TargetNodeName": "Chain4",
                "TargetEntityPart": "PrimaryItem"
              },
              {
                "TrailId": "Small_Charged",
                "RotationOffset": {
                  "Yaw": 0,
                  "Pitch": 90,
                  "Roll": 0
                },
                "TargetNodeName": "Chain4",
                "TargetEntityPart": "PrimaryItem"
              },
              {
                "TrailId": "Small_Charged",
                "RotationOffset": {
                  "Yaw": 0,
                  "Pitch": 0,
                  "Roll": 90
                },
                "TargetNodeName": "Chain4",
                "TargetEntityPart": "PrimaryItem"
              }
            ]
          }
        }
      ]
    },
    "Club_Flail_Spin_Swing_Left_Charged_Damage": {
      "Interactions": [
        {
          "Parent": "Club_Flail_Spin_Swing_Left_Charged_Damage",
          "DamageCalculator": {
            "BaseDamage": {
              "Physical": 16
            }
          },
          "DamageEffects": {
            "WorldSoundEventId": "SFX_Club_Wood_Impact"
          }
        }
      ]
    }
  },
  "IconProperties": {
    "Scale": 0.43,
    "Rotation": [
      45,
      90,
      0
    ],
    "Translation": [
      -24,
      -28
    ]
  },
  "Texture": "Items/Echo_Flail_Texture.png",
  "Icon": "Icons/ItemsGenerated/Echo_Flail.png",
  "DroppedItemAnimation": "Items/Animations/Dropped/Dropped_Diagonal_Left.blockyanim",
  "MaxDurability": 240,
  "DurabilityLossOnHit": 0.56,
  "Tags": {
    "Family": [
      "Club"
    ],
    "Type": [
      "Weapon"
    ]
  },
  "Weapon": {},
  "ItemSoundSetId": "ISS_Weapons_Blunt_Small",
  "Light": {
    "Color": "#034"
  }
}
