{
  "Model": "NPC/Robo_Bat/Models/Model.blockymodel",
  "Texture": "NPC/Robo_Bat/Models/Texture.png",
  "EyeHeight": 0.7,
  "CrouchOffset": -0.1,
  "HitBox": {
    "Max": {
      "X": 0.4,
      "Y": 0.9,
      "Z": 0.4
    },
    "Min": {
      "X": -0.4,
      "Y": 0,
      "Z": -0.4
    }
  },
  "AnimationSets": {
    "Idle": {
      "Animations": [
        {
          "Animation": "NPC/Flying_Critter/Bat/Animations/Default/Idle.blockyanim"
        }
      ]
    },
    "Walk": {
      "Animations": [
        {
          "Animation": "NPC/Flying_Critter/Bat/Animations/Default/Walk.blockyanim"
        }
      ]
    },
    "WalkBackward": {
      "Animations": [
        {
          "Animation": "NPC/Flying_Critter/Bat/Animations/Default/Walk_Backward.blockyanim"
        }
      ]
    },
    "Run": {
      "Animations": [
        {
          "Animation": "NPC/Flying_Critter/Bat/Animations/Default/Run.blockyanim"
        }
      ]
    },
    "RunBackward": {
      "Animations": [
        {
          "Animation": "NPC/Flying_Critter/Bat/Animations/Default/Run_Backward.blockyanim"
        }
      ]
    },
    "Sprint": {
      "Animations": [
        {
          "Animation": "NPC/Flying_Critter/Bat/Animations/Default/Sprint.blockyanim"
        }
      ]
    },
    "Crouch": {
      "Animations": [
        {
          "Animation": "NPC/Flying_Critter/Bat/Animations/Default/Crouch.blockyanim",
          "BlendingDuration": 0.1
        }
      ]
    },
    "CrouchWalk": {
      "Animations": [
        {
          "Animation": "NPC/Flying_Critter/Bat/Animations/Default/Crouch_Walk.blockyanim",
          "BlendingDuration": 0.1
        }
      ]
    },
    "CrouchWalkBackward": {
      "Animations": [
        {
          "Animation": "NPC/Flying_Critter/Bat/Animations/Default/Crouch_Walk_Backward.blockyanim",
          "BlendingDuration": 0.1
        }
      ]
    },
    "StepWalk": {
      "Animations": [
        {
          "Animation": "NPC/Flying_Critter/Bat/Animations/Default/Step_Walk.blockyanim",
          "Looping": false,
          "BlendingDuration": 0.1
        }
      ]
    },
    "StepRun": {
      "Animations": [
        {
          "Animation": "NPC/Flying_Critter/Bat/Animations/Default/Step_Run.blockyanim",
          "Looping": false,
          "BlendingDuration": 0.1
        }
      ]
    },
    "StepSprint": {
      "Animations": [
        {
          "Animation": "NPC/Flying_Critter/Bat/Animations/Default/Step_Sprint.blockyanim",
          "Looping": false,
          "BlendingDuration": 0.1
        }
      ]
    },
    "Jump": {
      "Animations": [
        {
          "Animation": "NPC/Flying_Critter/Bat/Animations/Default/Jump.blockyanim"
        }
      ]
    },
    "JumpWalk": {
      "Animations": [
        {
          "Animation": "NPC/Flying_Critter/Bat/Animations/Default/Jump.blockyanim"
        }
      ]
    },
    "JumpRun": {
      "Animations": [
        {
          "Animation": "NPC/Flying_Critter/Bat/Animations/Default/Jump.blockyanim"
        }
      ]
    },
    "JumpSprint": {
      "Animations": [
        {
          "Animation": "NPC/Flying_Critter/Bat/Animations/Default/Jump.blockyanim"
        }
      ]
    },
    "Fall": {
      "Animations": [
        {
          "Animation": "NPC/Flying_Critter/Bat/Animations/Default/Jump.blockyanim"
        }
      ]
    },
    "Alerted": {
      "Animations": [
        {
          "Animation": "NPC/Robo_Bat/Animations/Default/Alerted.blockyanim",
          "Looping": false,
          "SoundEventId": "SFX_Robobat_Laydown"
        }
      ]
    },
    "Curious": {
      "Animations": [
        {
          "Animation": "NPC/Flying_Critter/Bat/Animations/Flavor/Curious.blockyanim"
        }
      ]
    },
    "FlyIdle": {
      "Animations": [
        {
          "Animation": "NPC/Flying_Critter/Bat/Animations/Fly/Fly_Idle.blockyanim",
          "SoundEventId": "SFX_Robobat_Alerted"
        },
        {
          "Animation": "NPC/Flying_Critter/Bat/Animations/Fly/Fly_Idle.blockyanim",
          "Speed": 1.25
        },
        {
          "Animation": "NPC/Flying_Critter/Bat/Animations/Fly/Fly_Idle.blockyanim",
          "Speed": 1.5
        }
      ]
    },
    "Fly": {
      "Animations": [
        {
          "Animation": "NPC/Robo_Bat/Animations/Fly/Fly.blockyanim",
          "SoundEventId": "SFX_Robobat_Alerted"
        },
        {
          "Animation": "NPC/Robo_Bat/Animations/Fly/Fly.blockyanim",
          "Speed": 1.25,
          "SoundEventId": "SFX_Robobat_Alerted"
        },
        {
          "Animation": "NPC/Robo_Bat/Animations/Fly/Fly.blockyanim",
          "Speed": 1.5,
          "SoundEventId": "SFX_Robobat_Alerted"
        }
      ]
    },
    "FlyBackward": {
      "Animations": [
        {
          "Animation": "NPC/Flying_Critter/Bat/Animations/Fly/Fly_Backward.blockyanim"
        },
        {
          "Animation": "NPC/Flying_Critter/Bat/Animations/Fly/Fly_Backward.blockyanim",
          "Speed": 1.25
        },
        {
          "Animation": "NPC/Flying_Critter/Bat/Animations/Fly/Fly_Backward.blockyanim",
          "Speed": 1.5
        }
      ]
    },
    "FlyFast": {
      "Animations": [
        {
          "Animation": "NPC/Flying_Critter/Bat/Animations/Fly/Fly_Fast.blockyanim"
        },
        {
          "Animation": "NPC/Flying_Critter/Bat/Animations/Fly/Fly_Fast.blockyanim",
          "Speed": 1.25
        },
        {
          "Animation": "NPC/Flying_Critter/Bat/Animations/Fly/Fly_Fast.blockyanim",
          "Speed": 1.5
        }
      ]
    },
    "Hurt": {
      "Animations": [
        {
          "Animation": "NPC/Flying_Critter/Bat/Animations/Damage/Hurt.blockyanim",
          "BlendingDuration": 0.1,
          "Looping": false,
          "SoundEventId": "SFX_Robobat_Hurt"
        }
      ]
    },
    "Death": {
      "Animations": [
        {
          "Animation": "NPC/Flying_Critter/Bat/Animations/Damage/Death.blockyanim",
          "Looping": false,
          "SoundEventId": "SFX_Robobat_Death"
        }
      ]
    },
    "Laydown": {
      "Animations": [
        {
          "Animation": "NPC/Flying_Critter/Bat/Animations/Default/Laydown.blockyanim",
          "Looping": false,
          "SoundEventId": "SFX_Robobat_Laydown"
        }
      ]
    },
    "Sleep": {
      "Animations": [
        {
          "Animation": "NPC/Robo_Bat/Animations/Default/Sleep.blockyanim"
        }
      ]
    },
    "Wake": {
      "Animations": [
        {
          "Animation": "NPC/Flying_Critter/Bat/Animations/Default/Wake.blockyanim",
          "Looping": false
        }
      ]
    },
    "Spawn": {
      "Animations": [
        {
          "Animation": "NPC/Flying_Critter/Bat/Animations/Default/Spawn.blockyanim",
          "BlendingDuration": 0,
          "Looping": false
        }
      ]
    },
    "SwimIdle": {
      "Animations": [
        {
          "Animation": "NPC/Flying_Critter/Bat/Animations/Swim/Swim_Idle.blockyanim",
          "Speed": 0.5
        }
      ]
    },
    "Swim": {
      "Animations": [
        {
          "Animation": "NPC/Flying_Critter/Bat/Animations/Swim/Swim.blockyanim"
        }
      ]
    },
    "SwimBackward": {
      "Animations": [
        {
          "Animation": "NPC/Flying_Critter/Bat/Animations/Swim/Swim_Backward.blockyanim"
        }
      ]
    },
    "SwimFast": {
      "Animations": [
        {
          "Animation": "NPC/Flying_Critter/Bat/Animations/Swim/Swim_Fast.blockyanim"
        }
      ]
    },
    "SwimJump": {
      "Animations": [
        {
          "Animation": "NPC/Flying_Critter/Bat/Animations/Default/Jump.blockyanim"
        }
      ]
    },
    "SwimFloat": {
      "Animations": [
        {
          "Animation": "NPC/Flying_Critter/Bat/Animations/Swim/Swim_Float.blockyanim"
        }
      ]
    },
    "SwimSink": {
      "Animations": [
        {
          "Animation": "NPC/Flying_Critter/Bat/Animations/Swim/Swim_Sink.blockyanim"
        }
      ]
    },
    "SwimDive": {
      "Animations": [
        {
          "Animation": "NPC/Flying_Critter/Bat/Animations/Swim/Swim.blockyanim"
        }
      ]
    },
    "SwimDiveBackward": {
      "Animations": [
        {
          "Animation": "NPC/Flying_Critter/Bat/Animations/Swim/Swim_Backward.blockyanim"
        }
      ]
    },
    "SwimDiveFast": {
      "Animations": [
        {
          "Animation": "NPC/Flying_Critter/Bat/Animations/Swim/Swim_Fast.blockyanim"
        }
      ]
    },
    "FluidIdle": {
      "Animations": [
        {
          "Animation": "NPC/Flying_Critter/Bat/Animations/Default/Idle.blockyanim",
          "Speed": 0.6
        }
      ]
    },
    "FluidWalk": {
      "Animations": [
        {
          "Animation": "NPC/Flying_Critter/Bat/Animations/Default/Walk.blockyanim",
          "Speed": 0.8
        }
      ]
    },
    "FluidWalkBackward": {
      "Animations": [
        {
          "Animation": "NPC/Flying_Critter/Bat/Animations/Default/Walk_Backward.blockyanim",
          "Speed": 0.6
        }
      ]
    },
    "FluidRun": {
      "Animations": [
        {
          "Animation": "NPC/Flying_Critter/Bat/Animations/Default/Run.blockyanim",
          "Speed": 0.6
        }
      ]
    },
    "HurtFly": {
      "Animations": [
        {
          "Animation": "NPC/Robo_Bat/Animations/Damage/Hurt_Fly.blockyanim",
          "BlendingDuration": 0.1,
          "Looping": false,
          "SoundEventId": "SFX_Robobat_Hurt"
        }
      ]
    },
    "DeathFly": {
      "Animations": [
        {
          "Animation": "NPC/Flying_Critter/Bat/Animations/Damage/Death_Fly.blockyanim",
          "BlendingDuration": 0.6,
          "SoundEventId": "SFX_Robobat_Death"
        }
      ]
    },
    "DeathFlyImpact": {
      "Animations": [
        {
          "Animation": "NPC/Flying_Critter/Bat/Animations/Damage/Death_Fly_Impact.blockyanim",
          "BlendingDuration": 0.05,
          "Looping": false
        }
      ]
    },
    "HurtSwim": {
      "Animations": [
        {
          "Looping": false,
          "BlendingDuration": 0.1,
          "Animation": "NPC/Flying_Critter/Bat/Animations/Damage/Hurt_Swim.blockyanim",
          "SoundEventId": "SFX_Bat_Hurt"
        }
      ]
    },
    "DeathSwim": {
      "Animations": [
        {
          "Animation": "NPC/Flying_Critter/Bat/Animations/Damage/Death_Swim.blockyanim",
          "Looping": false,
          "SoundEventId": "SFX_Bat_Death"
        }
      ]
    },
    "HurtDrown": {
      "Animations": [
        {
          "Animation": "NPC/Flying_Critter/Bat/Animations/Damage/Hurt_Drown.blockyanim",
          "Looping": false,
          "SoundEventId": "SFX_Bat_Hurt"
        }
      ]
    },
    "DeathDrown": {
      "Animations": [
        {
          "Animation": "NPC/Flying_Critter/Bat/Animations/Damage/Death_Drown.blockyanim",
          "Looping": false,
          "SoundEventId": "SFX_Bat_Death"
        }
      ]
    }
  },
  "Particles": [
    {
      "SystemId": "Robo_Bat_Float",
      "PositionOffset": {
        "Y": 0.2
      },
      "DetachedFromModel": false
    }
  ]
}
