{
  "Layers": [
    {
      "Looping": true,
      "Files": [
        "Sounds/Weapons/Battleaxe/Impacts/Battleaxe_T2_Impact_03.ogg"
      ],
      "Volume": -9.36
    },
    {
      "Looping": true,
      "Files": [
        "Sounds/Weapons/Guns/Rifle/Rifle_Shot_Tail_03.ogg"
      ],
      "RandomSettings": {
        "MinPitch": 0
      },
      "Volume": 10
    },
    {
      "Looping": true,
      "Files": [
        "Sounds/Weapons/Battleaxe/Impacts/Battleaxe_T2_Impact_01.ogg"
      ],
      "RandomSettings": {
        "MinPitch": 0
      },
      "StartDelay": 1,
      "Volume": -15.08
    }
  ],
  "PreventSoundInterruption": false,
  "Volume": 0,
  "Parent": "SFX_Attn_Quiet",
  "MaxDistance": 8,
  "Pitch": -5.376
}
