{
  "Container": {
    "Type": "Multiple",
    "Containers": [
      {
        "Type": "Choice",
        "Weight": 100,
        "Containers": [
          {
            "Type": "Single",
            "Item": {
              "ItemId": "Ingredient_Crystal_Cyan",
              "QuantityMin": 0,
              "QuantityMax": 2
            }
          }
        ]
      },
      {
        "Type": "Choice",
        "Weight": 100,
        "Containers": [
          {
            "Type": "Single",
            "Item": {
              "ItemId": "Echo_Stone",
              "QuantityMin": 1,
              "QuantityMax": 3
            }
          }
        ]
      }
    ]
  }
}
