{
  "Layers": [
    {
      "Files": [
        "Sounds/Robobat_Alerted1.ogg",
        "Sounds/Robobat_Alerted2.ogg",
        "Sounds/Robobat_Alerted3.ogg",
        "Sounds/Robobat_Alerted4.ogg",
        "Sounds/Robobat_Alerted5.ogg"
      ],
      "RandomSettings": {
        "MinVolume": -4.5,
        "MaxVolume": 0,
        "MinPitch": -2,
        "MaxPitch": 2
      },
      "Volume": 6,
      "StartDelay": 0,
      "Probability": 60
    }
  ],
  "MaxInstance": 2,
  "Volume": 0,
  "PreventSoundInterruption": true,
  "AudioCategory": "AudioCat_NPC_Bat",
  "Parent": "SFX_Attn_Quiet"
}
