{
  "TranslationProperties": {
    "Name": "Echo Banner"
  },
  "PlayerAnimationsId": "Block",
  "Categories": [
    "Furniture.Signs"
  ],
  "Set": "Furniture_Human",
  "Icon": "Icons/ItemsGenerated/Echo_Banner.png",
  "IconProperties": {
    "Scale": 0.26,
    "Rotation": [
      0,
      0,
      0
    ],
    "Translation": [
      0,
      16.9
    ]
  },
  "Interactions": {
    "Primary": "Block_Primary",
    "Secondary": "Block_Secondary"
  },
  "BlockType": {
    "BlockParticleSetId": "Wood",
    "CustomModel": "Blocks/Decorative_Sets/Human_Ruins/Banner.blockymodel",
    "CustomModelAnimation": "Blocks/Decorative_Sets/Human_Ruins/Banner_Swing.blockyanim",
    "CustomModelTexture": [
      {
        "Texture": "Blocks/Banner_Echo.png",
        "Weight": 1
      }
    ],
    "DrawType": "Model",
    "Flags": {},
    "Gathering": {
      "Soft": {
        "IsWeaponBreakable": false
      }
    },
    "Material": "Solid",
    "Opacity": "Transparent",
    "ParticleColor": "#4c4a31",
    "Support": {
      "West": [
        {
          "AllowSupportPropagation": false,
          "FaceType": "Full",
          "Rotate": true
        }
      ],
      "East": [
        {
          "FaceType": "Full",
          "AllowSupportPropagation": false,
          "Rotate": true
        }
      ]
    },
    "VariantRotation": "NESW",
    "BlockSoundSetId": "Cloth",
    "Looping": true,
    "HitboxType": "Banner"
  },
  "Tags": {
    "Type": [
      "Furniture"
    ],
    "Family": [
      "Human"
    ]
  },
  "ItemSoundSetId": "ISS_Items_Cloth"
}
