{
  "TranslationProperties": {
    "Name": "Energy Line"
  },
  "Icon": "Icons/ItemsGenerated/EnergyLine.png",
  "Categories": [
    "Blocks.Deco"
  ],
  "Interactions": {
    "Primary": "Block_Primary",
    "Secondary": "Block_Secondary"
  },
  "Set": "Wood_Softwood_Planks",
  "BlockType": {
    "DrawType": "Model",
    "Opacity": "Transparent",
    "CustomModel": "Blocks/Energy_Line_Straight.blockymodel",
    "CustomModelTexture": [
      {
        "Texture": "Blocks/linetexture.png",
        "Weight": 1
      }
    ],
    "Group": "Wood",
    "VariantRotation": "NESW",
    "Flags": {},
    "Gathering": {
      "Breaking": {
        "GatherType": "SoftBlocks"
      }
    },
    "BlockParticleSetId": "Stone",
    "Material": "Empty",
    "HitboxType": "Block_Flat",
    "State": {
      "Definitions": {
        "Corner_Left": {
          "CustomModel": "Blocks/Energy_Line_Corner.blockymodel",
          "Support": {
            "West": [
              {
                "FaceType": "Rail"
              }
            ],
            "DownWest": [
              {
                "FaceType": "Rail"
              }
            ],
            "South": [
              {
                "FaceType": "Rail"
              }
            ],
            "DownSouth": [
              {
                "FaceType": "Rail"
              }
            ],
            "Down": [
              {
                "FaceType": "Full"
              }
            ]
          },
          "Supporting": {
            "West": [
              {
                "FaceType": "Rail"
              }
            ],
            "South": [
              {
                "FaceType": "Rail"
              }
            ],
            "DownWest": [
              {
                "FaceType": "Rail"
              }
            ],
            "DownSouth": [
              {
                "FaceType": "Rail"
              }
            ]
          },
          "FlipType": "Orthogonal",
          "Rail": {
            "Points": [
              {
                "Point": {
                  "X": 0,
                  "Y": 0.1,
                  "Z": 0.5
                },
                "Normal": {
                  "X": 0,
                  "Y": 1,
                  "Z": 0
                }
              },
              {
                "Point": {
                  "X": 0.3,
                  "Y": 0.1,
                  "Z": 0.5
                },
                "Normal": {
                  "X": 0,
                  "Y": 1,
                  "Z": 0
                }
              },
              {
                "Point": {
                  "X": 0.5,
                  "Y": 0.1,
                  "Z": 0.7
                },
                "Normal": {
                  "X": 0,
                  "Y": 1,
                  "Z": 0
                }
              },
              {
                "Point": {
                  "X": 0.5,
                  "Y": 0.1,
                  "Z": 1
                },
                "Normal": {
                  "X": 0,
                  "Y": 1,
                  "Z": 0
                }
              }
            ]
          }
        },
        "Corner_Right": {
          "CustomModel": "Blocks/Energy_Line_Corner_Right.blockymodel",
          "Support": {
            "East": [
              {
                "FaceType": "Rail"
              }
            ],
            "DownEast": [
              {
                "FaceType": "Rail"
              }
            ],
            "South": [
              {
                "FaceType": "Rail"
              }
            ],
            "DownSouth": [
              {
                "FaceType": "Rail"
              }
            ],
            "Down": [
              {
                "FaceType": "Full"
              }
            ]
          },
          "Supporting": {
            "East": [
              {
                "FaceType": "Rail"
              }
            ],
            "South": [
              {
                "FaceType": "Rail"
              }
            ],
            "DownEast": [
              {
                "FaceType": "Rail"
              }
            ],
            "DownSouth": [
              {
                "FaceType": "Rail"
              }
            ]
          },
          "Rail": {
            "Points": [
              {
                "Point": {
                  "X": 1.0,
                  "Y": 0.1,
                  "Z": 0.5
                },
                "Normal": {
                  "X": 0,
                  "Y": 1,
                  "Z": 0
                }
              },
              {
                "Point": {
                  "X": 0.7,
                  "Y": 0.1,
                  "Z": 0.5
                },
                "Normal": {
                  "X": 0,
                  "Y": 1,
                  "Z": 0
                }
              },
              {
                "Point": {
                  "X": 0.5,
                  "Y": 0.1,
                  "Z": 0.7
                },
                "Normal": {
                  "X": 0,
                  "Y": 1,
                  "Z": 0
                }
              },
              {
                "Point": {
                  "X": 0.5,
                  "Y": 0.1,
                  "Z": 1
                },
                "Normal": {
                  "X": 0,
                  "Y": 1,
                  "Z": 0
                }
              }
            ]
          }
        },
        "T": {
          "CustomModel": "Blocks/Energy_Line_TJunc.blockymodel",
          "Support": {
            "Down": [
              {
                "FaceType": "Full"
              }
            ],
            "CardinalDirections": [
              {
                "FaceType": "Rail"
              }
            ],
            "DownCardinalDirections": [
              {
                "FaceType": "Rail"
              }
            ]
          },
          "Supporting": {
            "CardinalDirections": [
              {
                "FaceType": "Rail"
              }
            ],
            "DownCardinalDirections": [
              {
                "FaceType": "Rail"
              }
            ]
          }
        },
        "Cross": {
          "Support": {
            "Down": [
              {
                "FaceType": "Full"
              }
            ],
            "CardinalDirections": [
              {
                "FaceType": "Rail"
              }
            ],
            "DownCardinalDirections": [
              {
                "FaceType": "Rail"
              }
            ]
          },
          "Supporting": {
            "CardinalDirections": [
              {
                "FaceType": "Rail"
              }
            ],
            "DownCardinalDirections": [
              {
                "FaceType": "Rail"
              }
            ]
          },
          "CustomModel": "Blocks/Energy_Line_Cross.blockymodel"
        }
      }
    },
    "Support": {
      "Down": [
        {
          "FaceType": "Full"
        }
      ],
      "North": [
        {
          "FaceType": "Rail"
        }
      ],
      "DownNorth": [
        {
          "FaceType": "Rail"
        }
      ],
      "South": [
        {
          "FaceType": "Rail"
        }
      ],
      "DownSouth": [
        {
          "FaceType": "Rail"
        }
      ]
    },
    "Supporting": {
      "North": [
        {
          "FaceType": "Rail"
        }
      ],
      "DownNorth": [
        {
          "FaceType": "Rail"
        }
      ],
      "South": [
        {
          "FaceType": "Rail"
        }
      ],
      "DownSouth": [
        {
          "FaceType": "Rail"
        }
      ]
    },
    "ParticleColor": "#828282",
    "BlockSoundSetId": "Metal",
    "Rail": {
      "Points": [
        {
          "Point": {
            "X": 0.5,
            "Y": 0.1,
            "Z": 0
          },
          "Normal": {
            "X": 0,
            "Y": 1,
            "Z": 0
          }
        },
        {
          "Point": {
            "X": 0.5,
            "Y": 0.1,
            "Z": 1
          },
          "Normal": {
            "X": 0,
            "Y": 1,
            "Z": 0
          }
        }
      ]
    },
    "ConnectedBlockRuleSet": {
      "Type": "CustomTemplate",
      "TemplateShapeAssetId": "RailsConnectedBlockTemplate",
      "TemplateShapeBlockPatterns": {
        "Straight": "EnergyLine",
        "Corner_Left": "*EnergyLine_State_Definitions_Corner_Left",
        "Corner_Right": "*EnergyLine_State_Definitions_Corner_Right",
        "TShape": "*EnergyLine_State_Definitions_T",
        "Cross": "*EnergyLine_State_Definitions_Cross"
      }
    }
  },
  "PlayerAnimationsId": "Item",
  "IconProperties": {
    "Scale": 0.765,
    "Rotation": [
      42,
      330,
      0
    ],
    "Translation": [
      0,
      -1.7
    ]
  },
  "Tags": {
    "Type": [
      "Rail"
    ]
  },
  "ItemSoundSetId": "ISS_Blocks_Wood"
}
