{
  "Animations": {
    "EchoWave": {
      "ThirdPerson": "NPC/Robo_Bat/Animations/Attacks/Echo_Wave.blockyanim",
      "Speed": 1,
      "Looping": false
    }
  },
  "Camera": {
    "Pitch": {
      "AngleRange": {
        "Max": 0,
        "Min": 0
      },
      "TargetNodes": [
        "Head"
      ]
    },
    "Yaw": {
      "AngleRange": {
        "Max": 0,
        "Min": 0
      },
      "TargetNodes": [
        "Head"
      ]
    }
  },
  "WiggleWeights": {
    "Pitch": 2,
    "PitchDeceleration": 0,
    "Roll": 0.1,
    "RollDeceleration": 0,
    "X": 3,
    "XDeceleration": 0.1,
    "Y": 0.1,
    "YDeceleration": 0.1,
    "Z": 0.1,
    "ZDeceleration": 0.1
  }
}
