{
  "Type": "Simple",
  "$Comment": "Length of Effect",
  "RunTime": 0.267,
  "Effects": {
    "Trails": [
      {
        "PositionOffset": {
          "X": 0.6,
          "Y": 0,
          "Z": 0
        },
        "RotationOffset": {
          "Pitch": 0,
          "Roll": 90,
          "Yaw": 0
        },
        "TargetNodeName": "Handle",
        "TrailId": "Small_Charged"
      },
      {
        "PositionOffset": {
          "X": 0.6,
          "Y": 0,
          "Z": 0
        },
        "RotationOffset": {
          "Pitch": 90,
          "Roll": 0,
          "Yaw": 0
        },
        "TargetNodeName": "Handle",
        "TrailId": "Small_Charged"
      }
    ],
    "Particles": [
      {
        "SystemId": "Pulse_Wave_Mace",
        "TargetEntityPart": "Self",
        "Color": "#58e5ff",
        "PositionOffset": {
          "Y": -0.5
        },
        "DetachedFromModel": false
      }
    ],
    "WorldSoundEventId": "SFX_Echo_Flail_Charge_Swing",
    "LocalSoundEventId": "SFX_Echo_Flail_Charge_Swing_Local"
  }
}
