{
  "Type": "Variant",
  "Reference": "Template_Swimming_Passive",
  "Modify": {
    "Appearance": "Bluegill",
    "FlockArray": [
      "Bluegill"
    ],
    "DropList": "Drop_Bluegill",
    "MaxHealth": 29,
    "IsMemory": true,
    "MemoriesCategory": "Freshwater",
    "NameTranslationKey": {
      "Compute": "NameTranslationKey"
    }
  },
  "Parameters": {
    "NameTranslationKey": {
      "Value": "server.npcRoles.Bluegill.name",
      "Description": "Translation key for NPC name display"
    }
  }
}
