{
  "Layers": [
    {
      "Files": [
        "Sounds/Weapons/Club/Flail/Flail_Swing_NPC_01.ogg",
        "Sounds/Weapons/Club/Flail/Flail_Swing_NPC_02.ogg",
        "Sounds/Weapons/Club/Flail/Flail_Swing_NPC_03.ogg",
        "Sounds/Weapons/Club/Flail/Flail_Swing_NPC_04.ogg"
      ],
      "RandomSettings": {
        "MinPitch": -2,
        "MaxPitch": 2,
        "MinVolume": -3,
        "MaxVolume": 0
      },
      "Volume": 4.0,
      "StartDelay": 0
    },
    {
      "Files": [
        "Sounds/EchoBlock_Active1.ogg",
        "Sounds/EchoBlock_Active2.ogg",
        "Sounds/EchoBlock_Active3.ogg",
        "Sounds/EchoBlock_Active4.ogg"
      ]
    }
  ],
  "Volume": 0,
  "PreventSoundInterruption": true,
  "Parent": "SFX_Attn_Moderate"
}
